<?xml version="1.0" encoding="UTF-8" ?>
<introContent>
<!-- Link to content on Overview page -->
	<extensionContent id="Bluemix_tools_start" name="Start Building with Eclipse Tools for Bluemix" alt-style="css/swt.properties" 
	style="css/t-links.css" path="overview/@">

		<group style-id="content-group" id="start_building_group">


			<link style-id="content-link" label="Use your existing Eclipse IDE to deploy an app in Bluemix" 
			url="http://org.eclipse.ui.intro/openBrowser?url=https://www.ng.bluemix.net/docs/manageapps/eclipsetools/eclipsetools.html" id="use-eclipse-ide-icon">
          		<text>IBM&amp;reg; Eclipse Tools for Bluemix&amp;trade; integrates Bluemix into your Eclipse IDE, allowing you to deploy apps directly from Eclipse.</text>
			</link>	
		

			<group style-id="content-group" id="start_building_group">
				<link style-id="content-link" label="Use Eclipse to debug and publish Java applications to Liberty on Bluemix (9:30)" 
				url="http://org.eclipse.ui.intro/openBrowser?url=https://developer.ibm.com/wasdev/docs/debug-and-publish-java-applications-to-liberty-on-bluemix/" id="video-icon">
					<text>Use the WebSphere Developer Tools for Eclipse to develop, debug, and deploy your Java applications to the Liberty profile on Bluemix. Elson Yuen, 
					Software Architect, explains how.</text>
				</link>
				<link style-id="content-link" label="Create a Node.js application using IBM Eclipse Tools for Bluemix and the IBM Watson service (11:00)" 
				url="http://org.eclipse.ui.intro/openBrowser?url=https://developer.ibm.com/bluemix/2015/02/23/create-node-js-application-using-ibm-eclipse-tools-bluemix-ibm-watson-service/" id="video-icon">
					<text>Use IBM Eclipse Tools for Bluemix to create, configure, and deploy a travel chat Node.js application to Bluemix. Elson Yuen, 
					Software Architect, explains how.</text>
				</link>
			</group>
		</group>
			
	</extensionContent>
</introContent>