<?xml version="1.0" encoding="UTF-8" ?>
<introContent>
<!-- Link to content on Overview page -->
	<extensionContent id="IBM_Bluemix_overview" name="IBM Bluemix" alt-style="css/swt.properties" 
	style="css/t-links.css" path="overview/@">

		<group style-id="content-group" id="intro_group">
			
			<link style-id="content-link" label="IBM Bluemix" 
			url="http://org.eclipse.ui.intro/openBrowser?url=http://www.ibm.com/cloud-computing/bluemix/" id="bluemix-signup-icon">
				<text>IBM Bluemix is an open-standards, cloud-based platform  that enables you to rapidly create, deploy, and manage your cloud applications.
				Built on IBM's Open Cloud Architecture and based on Cloud Foundry, IBM Bluemix provides web and mobile developers 
				enterprise-level services that can easily integrate with your cloud applications without any need to install or configure them.
				</text>
			</link>
			<group style-id="content-group" id="intro_group">
				<group style-id="content-group" id="intro_group">
					<group style-id="content-group" id="intro_group">
						<text>Check out &lt;a href="https://www.bluemix.net/catalog/#/store/cloudOEPaneId=store?cm_mmc=IBMEclipseTools-_-EclipseJavaEE-_-Mars1-_-Registration" target="_blank"&gt;Bluemix catalog&lt;/a&gt; 
						for the current list of runtimes, boilerplates and services, including &lt;a href="https://hub.jazz.net/docs?cm_mmc=IBMEclipseTools-_-EclipseJavaEE-_-Mars1-_-Registration" target="_blank"&gt;DevOps&lt;/a&gt;, 
						software as a service (SaaS) on the cloud that supports continuous delivery.</text>
					</group>
				</group>			
			</group>

			<link style-id="content-link" label="Hybrid Cloud" 
			url="http://org.eclipse.ui.intro/openBrowser?url=http://www.ibm.com/cloud-computing/bluemix/solutions/hybrid-cloud/" id="hybrid-cloud-icon">
				<text>Interested in the cloud, but not sure where to start?  Learn how Bluemix can connect your existing systems to cloud apps that can deliver data where and when you need it.</text>
			</link>						

		</group>

	
			
	</extensionContent>

</introContent>

