<?xml version="1.0" encoding="UTF-8"?>
<java version="1.8.0_66" class="java.beans.XMLDecoder">
 <object class="org.eclipse.epp.internal.mpc.ui.catalog.MarketplaceInfo" id="MarketplaceInfo0">
  <void property="iuToNodeKey">
   <void method="put">
    <string>org.zeroturnaround.eclipse.feature</string>
    <object class="java.util.ArrayList">
     <void method="add">
      <string>http://marketplace.eclipse.org#29591</string>
     </void>
    </object>
   </void>
   <void method="put">
    <string>org.springframework.ide.eclipse.ajdt.feature</string>
    <object class="java.util.ArrayList">
     <void method="add">
      <string>http://marketplace.eclipse.org#27510</string>
     </void>
    </object>
   </void>
   <void method="put">
    <string>com.vaadin.designer.eclipse</string>
    <object class="java.util.ArrayList">
     <void method="add">
      <string>http://marketplace.eclipse.org#1023</string>
     </void>
    </object>
   </void>
   <void method="put">
    <string>EclipseRunnerFeature</string>
    <object class="java.util.ArrayList">
     <void method="add">
      <string>http://marketplace.eclipse.org#1169</string>
     </void>
    </object>
   </void>
   <void method="put">
    <string>com.genuitec.eclipse.webclipse.suite.feature.group</string>
    <object class="java.util.ArrayList">
     <void method="add">
      <string>http://marketplace.eclipse.org#2583696</string>
     </void>
     <void method="add">
      <string>http://marketplace.eclipse.org#2582095</string>
     </void>
    </object>
   </void>
   <void method="put">
    <string>com.genuitec.eclipse.webclipse.slack.feature</string>
    <object class="java.util.ArrayList">
     <void method="add">
      <string>http://marketplace.eclipse.org#2456312</string>
     </void>
    </object>
   </void>
   <void method="put">
    <string>com.genuitec.eclipse.webclipse.slack.feature.feature.group</string>
    <object class="java.util.ArrayList">
     <void method="add">
      <string>http://marketplace.eclipse.org#2582095</string>
     </void>
    </object>
   </void>
   <void method="put">
    <string>org.jkiss.dbeaver.ext.mysql.feature</string>
    <object class="java.util.ArrayList">
     <void method="add">
      <string>http://marketplace.eclipse.org#507775</string>
     </void>
    </object>
   </void>
   <void method="put">
    <string>com.aptana.feature</string>
    <object class="java.util.ArrayList">
     <void method="add">
      <string>http://marketplace.eclipse.org#2832068</string>
     </void>
    </object>
   </void>
   <void method="put">
    <string>org.jkiss.dbeaver.core.feature</string>
    <object class="java.util.ArrayList">
     <void method="add">
      <string>http://marketplace.eclipse.org#507775</string>
     </void>
    </object>
   </void>
   <void method="put">
    <string>hu.textualmodeler.feature</string>
    <object class="java.util.ArrayList">
     <void method="add">
      <string>http://marketplace.eclipse.org#1504109</string>
     </void>
    </object>
   </void>
   <void method="put">
    <string>com.genuitec.eclipse.webclipse.navigation.feature</string>
    <object class="java.util.ArrayList">
     <void method="add">
      <string>http://marketplace.eclipse.org#2456312</string>
     </void>
    </object>
   </void>
   <void method="put">
    <string>org.springframework.ide.eclipse.osgi.feature</string>
    <object class="java.util.ArrayList">
     <void method="add">
      <string>http://marketplace.eclipse.org#27510</string>
     </void>
    </object>
   </void>
   <void method="put">
    <string>org.springframework.ide.eclipse.security.feature</string>
    <object class="java.util.ArrayList">
     <void method="add">
      <string>http://marketplace.eclipse.org#27510</string>
     </void>
    </object>
   </void>
   <void method="put">
    <string>com.genuitec.eclipse.webclipse.suite</string>
    <object class="java.util.ArrayList">
     <void method="add">
      <string>http://marketplace.eclipse.org#2456312</string>
     </void>
    </object>
   </void>
   <void method="put">
    <string>com.springsource.sts.roo</string>
    <object class="java.util.ArrayList">
     <void method="add">
      <string>http://marketplace.eclipse.org#27510</string>
     </void>
    </object>
   </void>
   <void method="put">
    <string>org.springframework.ide.eclipse.integration.feature</string>
    <object class="java.util.ArrayList">
     <void method="add">
      <string>http://marketplace.eclipse.org#27510</string>
     </void>
    </object>
   </void>
   <void method="put">
    <string>jsonedit-feature</string>
    <object class="java.util.ArrayList">
     <void method="add">
      <string>http://marketplace.eclipse.org#945</string>
     </void>
    </object>
   </void>
   <void method="put">
    <string>org.springframework.ide.eclipse.aop.feature</string>
    <object class="java.util.ArrayList">
     <void method="add">
      <string>http://marketplace.eclipse.org#27510</string>
     </void>
    </object>
   </void>
   <void method="put">
    <string>org.jboss.tools.hibernate.search.feature</string>
    <object class="java.util.ArrayList">
     <void method="add">
      <string>http://marketplace.eclipse.org#2676358</string>
     </void>
    </object>
   </void>
   <void method="put">
    <string>org.springframework.ide.eclipse.batch.feature</string>
    <object class="java.util.ArrayList">
     <void method="add">
      <string>http://marketplace.eclipse.org#27510</string>
     </void>
    </object>
   </void>
   <void method="put">
    <string>com.vaadin.integration.eclipse</string>
    <object class="java.util.ArrayList">
     <void method="add">
      <string>http://marketplace.eclipse.org#1023</string>
     </void>
    </object>
   </void>
   <void method="put">
    <string>de.uni_mannheim.swt.codeconjurer</string>
    <object class="java.util.ArrayList">
     <void method="add">
      <string>http://marketplace.eclipse.org#101325</string>
     </void>
    </object>
   </void>
   <void method="put">
    <string>org.jkiss.dbeaver.ext.generic.feature</string>
    <object class="java.util.ArrayList">
     <void method="add">
      <string>http://marketplace.eclipse.org#507775</string>
     </void>
    </object>
   </void>
   <void method="put">
    <string>com.springsource.sts.maven</string>
    <object class="java.util.ArrayList">
     <void method="add">
      <string>http://marketplace.eclipse.org#27510</string>
     </void>
    </object>
   </void>
   <void method="put">
    <string>tsoiyatshing.fileencodinginfo.feature</string>
    <object class="java.util.ArrayList">
     <void method="add">
      <string>http://marketplace.eclipse.org#1123</string>
     </void>
    </object>
   </void>
   <void method="put">
    <string>com.springsource.sts.server.tc</string>
    <object class="java.util.ArrayList">
     <void method="add">
      <string>http://marketplace.eclipse.org#27510</string>
     </void>
    </object>
   </void>
   <void method="put">
    <string>gwtp.plugin.feature</string>
    <object class="java.util.ArrayList">
     <void method="add">
      <string>http://marketplace.eclipse.org#2311353</string>
     </void>
    </object>
   </void>
   <void method="put">
    <string>com.springsource.sts.tutorials</string>
    <object class="java.util.ArrayList">
     <void method="add">
      <string>http://marketplace.eclipse.org#27510</string>
     </void>
    </object>
   </void>
   <void method="put">
    <string>com.genuitec.eclipse.gerrit.tools.feature.feature.group</string>
    <object class="java.util.ArrayList">
     <void method="add">
      <string>http://marketplace.eclipse.org#2583696</string>
     </void>
    </object>
   </void>
   <void method="put">
    <string>ro.amiq.dvt.extensions.feature</string>
    <object class="java.util.ArrayList">
     <void method="add">
      <string>http://marketplace.eclipse.org#192</string>
     </void>
    </object>
   </void>
   <void method="put">
    <string>com.vmware.vixapi</string>
    <object class="java.util.ArrayList">
     <void method="add">
      <string>http://marketplace.eclipse.org#27510</string>
     </void>
    </object>
   </void>
   <void method="put">
    <string>com.springsource.sts</string>
    <object class="java.util.ArrayList">
     <void method="add">
      <string>http://marketplace.eclipse.org#27510</string>
     </void>
    </object>
   </void>
   <void method="put">
    <string>org.jkiss.dbeaver.runtime.feature</string>
    <object class="java.util.ArrayList">
     <void method="add">
      <string>http://marketplace.eclipse.org#507775</string>
     </void>
    </object>
   </void>
   <void method="put">
    <string>org.jboss.tools.m2e.wro4j.feature</string>
    <object class="java.util.ArrayList">
     <void method="add">
      <string>http://marketplace.eclipse.org#807489</string>
     </void>
    </object>
   </void>
   <void method="put">
    <string>org.springframework.ide.eclipse.feature</string>
    <object class="java.util.ArrayList">
     <void method="add">
      <string>http://marketplace.eclipse.org#27510</string>
     </void>
    </object>
   </void>
   <void method="put">
    <string>org.springframework.ide.eclipse.webflow.feature</string>
    <object class="java.util.ArrayList">
     <void method="add">
      <string>http://marketplace.eclipse.org#27510</string>
     </void>
    </object>
   </void>
   <void method="put">
    <string>com.genuitec.eclipse.gerrit.tools.feature</string>
    <object class="java.util.ArrayList">
     <void method="add">
      <string>http://marketplace.eclipse.org#2456312</string>
     </void>
    </object>
   </void>
   <void method="put">
    <string>org.jkiss.dbeaver.ext.db2.feature</string>
    <object class="java.util.ArrayList">
     <void method="add">
      <string>http://marketplace.eclipse.org#507775</string>
     </void>
    </object>
   </void>
   <void method="put">
    <string>org.jactr.eclipse.tools</string>
    <object class="java.util.ArrayList">
     <void method="add">
      <string>http://marketplace.eclipse.org#2394185</string>
     </void>
    </object>
   </void>
   <void method="put">
    <string>org.jactr.eclipse.feature</string>
    <object class="java.util.ArrayList">
     <void method="add">
      <string>http://marketplace.eclipse.org#2394185</string>
     </void>
    </object>
   </void>
   <void method="put">
    <string>eu.netide.feature</string>
    <object class="java.util.ArrayList">
     <void method="add">
      <string>http://marketplace.eclipse.org#2428949</string>
     </void>
    </object>
   </void>
   <void method="put">
    <string>org.dadacoalition.yedit.feature</string>
    <object class="java.util.ArrayList">
     <void method="add">
      <string>http://marketplace.eclipse.org#2828075</string>
     </void>
    </object>
   </void>
   <void method="put">
    <string>net.flexmojos.m2e.feature</string>
    <object class="java.util.ArrayList">
     <void method="add">
      <string>http://marketplace.eclipse.org#648556</string>
     </void>
    </object>
   </void>
   <void method="put">
    <string>org.springframework.ide.eclipse.mylyn.feature</string>
    <object class="java.util.ArrayList">
     <void method="add">
      <string>http://marketplace.eclipse.org#27510</string>
     </void>
    </object>
   </void>
   <void method="put">
    <string>org.zeroturnaround.eclipse.wtp.feature</string>
    <object class="java.util.ArrayList">
     <void method="add">
      <string>http://marketplace.eclipse.org#29591</string>
     </void>
    </object>
   </void>
   <void method="put">
    <string>com.springsource.sts.vmware</string>
    <object class="java.util.ArrayList">
     <void method="add">
      <string>http://marketplace.eclipse.org#27510</string>
     </void>
    </object>
   </void>
   <void method="put">
    <string>org.jboss.tools.maven.polyglot.poc.feature</string>
    <object class="java.util.ArrayList">
     <void method="add">
      <string>http://marketplace.eclipse.org#2828075</string>
     </void>
    </object>
   </void>
   <void method="put">
    <string>com.aptana.feature.studio</string>
    <object class="java.util.ArrayList">
     <void method="add">
      <string>http://marketplace.eclipse.org#2832068</string>
     </void>
    </object>
   </void>
   <void method="put">
    <string>org.springframework.ide.eclipse.autowire.feature</string>
    <object class="java.util.ArrayList">
     <void method="add">
      <string>http://marketplace.eclipse.org#27510</string>
     </void>
    </object>
   </void>
   <void method="put">
    <string>com.genuitec.eclipse.webclipse.emmet.feature</string>
    <object class="java.util.ArrayList">
     <void method="add">
      <string>http://marketplace.eclipse.org#2456312</string>
     </void>
    </object>
   </void>
   <void method="put">
    <string>org.jkiss.dbeaver.ext.oracle.feature</string>
    <object class="java.util.ArrayList">
     <void method="add">
      <string>http://marketplace.eclipse.org#507775</string>
     </void>
    </object>
   </void>
   <void method="put">
    <string>net.sf.eclipse.tomcat.feature.feature.group</string>
    <object class="java.util.ArrayList">
     <void method="add">
      <string>http://marketplace.eclipse.org#1963651</string>
     </void>
    </object>
   </void>
   <void method="put">
    <string>com.genuitec.eclipse.webclipse.commons.feature</string>
    <object class="java.util.ArrayList">
     <void method="add">
      <string>http://marketplace.eclipse.org#2456312</string>
     </void>
    </object>
   </void>
   <void method="put">
    <string>ro.amiq.dvt.feature</string>
    <object class="java.util.ArrayList">
     <void method="add">
      <string>http://marketplace.eclipse.org#192</string>
     </void>
    </object>
   </void>
   <void method="put">
    <string>com.genuitec.eclipse.webclipse.livepreview.feature</string>
    <object class="java.util.ArrayList">
     <void method="add">
      <string>http://marketplace.eclipse.org#2456312</string>
     </void>
    </object>
   </void>
   <void method="put">
    <string>com.genuitec.eclipse.webclipse.rest.feature</string>
    <object class="java.util.ArrayList">
     <void method="add">
      <string>http://marketplace.eclipse.org#2456312</string>
     </void>
    </object>
   </void>
   <void method="put">
    <string>org.zeroturnaround.eclipse.m2e.feature</string>
    <object class="java.util.ArrayList">
     <void method="add">
      <string>http://marketplace.eclipse.org#29591</string>
     </void>
    </object>
   </void>
   <void method="put">
    <string>com.genuitec.eclipse.webclipse.jsdebugger.feature</string>
    <object class="java.util.ArrayList">
     <void method="add">
      <string>http://marketplace.eclipse.org#2456312</string>
     </void>
    </object>
   </void>
  </void>
  <void property="nodeKeyToIU">
   <void method="put">
    <string>http://marketplace.eclipse.org#1504109</string>
    <object class="java.util.ArrayList">
     <void method="add">
      <string>hu.textualmodeler.feature</string>
     </void>
    </object>
   </void>
   <void method="put">
    <string>http://marketplace.eclipse.org#2394185</string>
    <object class="java.util.ArrayList">
     <void method="add">
      <string>org.jactr.eclipse.feature</string>
     </void>
     <void method="add">
      <string>org.jactr.eclipse.tools</string>
     </void>
    </object>
   </void>
   <void method="put">
    <string>http://marketplace.eclipse.org#2311353</string>
    <object class="java.util.ArrayList">
     <void method="add">
      <string>gwtp.plugin.feature</string>
     </void>
    </object>
   </void>
   <void method="put">
    <string>http://marketplace.eclipse.org#507775</string>
    <object class="java.util.ArrayList">
     <void method="add">
      <string>org.jkiss.dbeaver.runtime.feature</string>
     </void>
     <void method="add">
      <string>org.jkiss.dbeaver.ext.generic.feature</string>
     </void>
     <void method="add">
      <string>org.jkiss.dbeaver.ext.mysql.feature</string>
     </void>
     <void method="add">
      <string>org.jkiss.dbeaver.ext.oracle.feature</string>
     </void>
     <void method="add">
      <string>org.jkiss.dbeaver.core.feature</string>
     </void>
     <void method="add">
      <string>org.jkiss.dbeaver.ext.db2.feature</string>
     </void>
    </object>
   </void>
   <void method="put">
    <string>http://marketplace.eclipse.org#2676358</string>
    <object class="java.util.ArrayList">
     <void method="add">
      <string>org.jboss.tools.hibernate.search.feature</string>
     </void>
    </object>
   </void>
   <void method="put">
    <string>http://marketplace.eclipse.org#27510</string>
    <object class="java.util.ArrayList">
     <void method="add">
      <string>org.springframework.ide.eclipse.feature</string>
     </void>
     <void method="add">
      <string>org.springframework.ide.eclipse.aop.feature</string>
     </void>
     <void method="add">
      <string>org.springframework.ide.eclipse.ajdt.feature</string>
     </void>
     <void method="add">
      <string>org.springframework.ide.eclipse.webflow.feature</string>
     </void>
     <void method="add">
      <string>org.springframework.ide.eclipse.mylyn.feature</string>
     </void>
     <void method="add">
      <string>org.springframework.ide.eclipse.osgi.feature</string>
     </void>
     <void method="add">
      <string>org.springframework.ide.eclipse.security.feature</string>
     </void>
     <void method="add">
      <string>org.springframework.ide.eclipse.autowire.feature</string>
     </void>
     <void method="add">
      <string>org.springframework.ide.eclipse.batch.feature</string>
     </void>
     <void method="add">
      <string>org.springframework.ide.eclipse.integration.feature</string>
     </void>
     <void method="add">
      <string>com.springsource.sts</string>
     </void>
     <void method="add">
      <string>com.springsource.sts.server.tc</string>
     </void>
     <void method="add">
      <string>com.springsource.sts.tutorials</string>
     </void>
     <void method="add">
      <string>com.springsource.sts.vmware</string>
     </void>
     <void method="add">
      <string>com.springsource.sts.maven</string>
     </void>
     <void method="add">
      <string>com.springsource.sts.roo</string>
     </void>
     <void method="add">
      <string>com.vmware.vixapi</string>
     </void>
    </object>
   </void>
   <void method="put">
    <string>http://marketplace.eclipse.org#807489</string>
    <object class="java.util.ArrayList">
     <void method="add">
      <string>org.jboss.tools.m2e.wro4j.feature</string>
     </void>
    </object>
   </void>
   <void method="put">
    <string>http://marketplace.eclipse.org#1963651</string>
    <object class="java.util.ArrayList">
     <void method="add">
      <string>net.sf.eclipse.tomcat.feature.feature.group</string>
     </void>
    </object>
   </void>
   <void method="put">
    <string>http://marketplace.eclipse.org#945</string>
    <object class="java.util.ArrayList">
     <void method="add">
      <string>jsonedit-feature</string>
     </void>
    </object>
   </void>
   <void method="put">
    <string>http://marketplace.eclipse.org#29591</string>
    <object class="java.util.ArrayList">
     <void method="add">
      <string>org.zeroturnaround.eclipse.feature</string>
     </void>
     <void method="add">
      <string>org.zeroturnaround.eclipse.wtp.feature</string>
     </void>
     <void method="add">
      <string>org.zeroturnaround.eclipse.m2e.feature</string>
     </void>
    </object>
   </void>
   <void method="put">
    <string>http://marketplace.eclipse.org#2832068</string>
    <object class="java.util.ArrayList">
     <void method="add">
      <string>com.aptana.feature</string>
     </void>
     <void method="add">
      <string>com.aptana.feature.studio</string>
     </void>
    </object>
   </void>
   <void method="put">
    <string>http://marketplace.eclipse.org#2583696</string>
    <object class="java.util.ArrayList">
     <void method="add">
      <string>com.genuitec.eclipse.gerrit.tools.feature.feature.group</string>
     </void>
     <void method="add">
      <string>com.genuitec.eclipse.webclipse.suite.feature.group</string>
     </void>
    </object>
   </void>
   <void method="put">
    <string>http://marketplace.eclipse.org#101325</string>
    <object class="java.util.ArrayList">
     <void method="add">
      <string>de.uni_mannheim.swt.codeconjurer</string>
     </void>
    </object>
   </void>
   <void method="put">
    <string>http://marketplace.eclipse.org#2582095</string>
    <object class="java.util.ArrayList">
     <void method="add">
      <string>com.genuitec.eclipse.webclipse.slack.feature.feature.group</string>
     </void>
     <void method="add">
      <string>com.genuitec.eclipse.webclipse.suite.feature.group</string>
     </void>
    </object>
   </void>
   <void method="put">
    <string>http://marketplace.eclipse.org#1123</string>
    <object class="java.util.ArrayList">
     <void method="add">
      <string>tsoiyatshing.fileencodinginfo.feature</string>
     </void>
    </object>
   </void>
   <void method="put">
    <string>http://marketplace.eclipse.org#2456312</string>
    <object class="java.util.ArrayList">
     <void method="add">
      <string>com.genuitec.eclipse.webclipse.commons.feature</string>
     </void>
     <void method="add">
      <string>com.genuitec.eclipse.gerrit.tools.feature</string>
     </void>
     <void method="add">
      <string>com.genuitec.eclipse.webclipse.emmet.feature</string>
     </void>
     <void method="add">
      <string>com.genuitec.eclipse.webclipse.jsdebugger.feature</string>
     </void>
     <void method="add">
      <string>com.genuitec.eclipse.webclipse.livepreview.feature</string>
     </void>
     <void method="add">
      <string>com.genuitec.eclipse.webclipse.navigation.feature</string>
     </void>
     <void method="add">
      <string>com.genuitec.eclipse.webclipse.rest.feature</string>
     </void>
     <void method="add">
      <string>com.genuitec.eclipse.webclipse.slack.feature</string>
     </void>
     <void method="add">
      <string>com.genuitec.eclipse.webclipse.suite</string>
     </void>
    </object>
   </void>
   <void method="put">
    <string>http://marketplace.eclipse.org#1169</string>
    <object class="java.util.ArrayList">
     <void method="add">
      <string>EclipseRunnerFeature</string>
     </void>
    </object>
   </void>
   <void method="put">
    <string>http://marketplace.eclipse.org#648556</string>
    <object class="java.util.ArrayList">
     <void method="add">
      <string>net.flexmojos.m2e.feature</string>
     </void>
    </object>
   </void>
   <void method="put">
    <string>http://marketplace.eclipse.org#2428949</string>
    <object class="java.util.ArrayList">
     <void method="add">
      <string>eu.netide.feature</string>
     </void>
    </object>
   </void>
   <void method="put">
    <string>http://marketplace.eclipse.org#1023</string>
    <object class="java.util.ArrayList">
     <void method="add">
      <string>com.vaadin.integration.eclipse</string>
     </void>
     <void method="add">
      <string>com.vaadin.designer.eclipse</string>
     </void>
    </object>
   </void>
   <void method="put">
    <string>http://marketplace.eclipse.org#2828075</string>
    <object class="java.util.ArrayList">
     <void method="add">
      <string>org.jboss.tools.maven.polyglot.poc.feature</string>
     </void>
     <void method="add">
      <string>org.dadacoalition.yedit.feature</string>
     </void>
    </object>
   </void>
   <void method="put">
    <string>http://marketplace.eclipse.org#192</string>
    <object class="java.util.ArrayList">
     <void method="add">
      <string>ro.amiq.dvt.feature</string>
     </void>
     <void method="add">
      <string>ro.amiq.dvt.extensions.feature</string>
     </void>
    </object>
   </void>
  </void>
 </object>
</java>
