<?xml version="1.0" encoding="UTF-8"?>
<feature
      id="org.eclipse.datatools.enablement.oda.designer.feature"
      label="%featureName"
      version="1.12.0.v201406061321-647L9oB58H5E8E8TBK"
      provider-name="%providerName"
      plugin="org.eclipse.datatools.enablement.oda.xml.ui"
      image="eclipse_update_120.jpg">

   <description>
      %description
   </description>

   <copyright>
      %featureCopyright
   </copyright>

   <license url="%licenseURL">
      %license
   </license>

   <url>
      <update label="%updateSiteName" url="http://download.eclipse.org/datatools/updates/1.12"/>
      <discovery label="%updateSiteName" url="http://download.eclipse.org/datatools/updates/1.12"/>
   </url>

   <requires>
      <import feature="org.eclipse.datatools.connectivity.oda.designer.feature" version="1.12.0" match="greaterOrEqual"/>
      <import feature="org.eclipse.datatools.enablement.oda.feature" version="1.12.0" match="greaterOrEqual"/>
   </requires>

   <plugin
         id="org.eclipse.datatools.enablement.oda.ws.ui"
         download-size="0"
         install-size="0"
         version="1.2.6.v201403131825"
         unpack="false"/>

   <plugin
         id="org.eclipse.datatools.enablement.oda.xml.ui"
         download-size="0"
         install-size="0"
         version="1.2.7.v201403131825"
         unpack="false"/>

   <plugin
         id="org.eclipse.datatools.connectivity.oda.flatfile.ui"
         download-size="0"
         install-size="0"
         version="3.1.9.v201403131825"
         unpack="false"/>

</feature>
