<?xml version="1.0" encoding="UTF-8"?>
<feature
      id="org.eclipse.jst.jsf.apache.trinidad.tagsupport.feature"
      label="%featureName"
      version="2.6.0.v201410101748"
      provider-name="%providerName">

   <description>
      %description
   </description>

   <copyright>
      %copyright
   </copyright>

   <license url="license.html">
      %license
   </license>

   <requires>
      <import plugin="org.eclipse.ui" version="3.2.0" match="compatible"/>
      <import plugin="org.eclipse.core.runtime" version="3.2.0" match="compatible"/>
      <import plugin="org.eclipse.emf.ecore.xmi" version="2.2.0" match="compatible"/>
      <import plugin="org.eclipse.gef" version="3.2.0" match="compatible"/>
      <import plugin="org.eclipse.wst.sse.core" version="1.1.0" match="equivalent"/>
      <import plugin="org.eclipse.jst.jsf.common" version="1.1.0" match="compatible"/>
      <import plugin="org.eclipse.jst.pagedesigner" version="1.1.0" match="compatible"/>
      <import plugin="org.eclipse.jst.jsf.core" version="1.1.0" match="compatible"/>
      <import plugin="org.eclipse.jdt.core" version="3.4.0" match="compatible"/>
      <import plugin="org.eclipse.core.resources" version="3.4.0" match="compatible"/>
   </requires>

   <plugin
         id="org.eclipse.jst.jsf.apache.trinidad.tagsupport"
         download-size="150"
         install-size="653"
         version="1.4.0.v201309172102"
         unpack="false"/>

</feature>
