<?xml version="1.0" encoding="UTF-8"?>
<feature
      id="org.eclipse.datatools.sqldevtools.results.feature"
      label="%featureName"
      version="1.12.0.v201406061321-427H9oB58F6A8I5KGJ"
      provider-name="%providerName"
      image="eclipse_update_120.jpg">

   <description>
      %description
   </description>

   <copyright>
      %featureCopyright
   </copyright>

   <license url="%licenseURL">
      %license
   </license>

   <url>
      <update label="%updateSiteName" url="http://download.eclipse.org/datatools/updates/1.12"/>
      <discovery label="%updateSiteName" url="http://download.eclipse.org/datatools/updates/1.12"/>
   </url>

   <requires>
      <import feature="org.eclipse.datatools.modelbase.feature" version="1.12.0" match="greaterOrEqual"/>
      <import feature="org.eclipse.datatools.connectivity.feature" version="1.12.0" match="greaterOrEqual"/>
      <import feature="org.eclipse.datatools.doc.user" version="1.7.0" match="greaterOrEqual"/>
   </requires>

   <plugin
         id="org.eclipse.datatools.sqltools.common.ui"
         download-size="0"
         install-size="0"
         version="1.0.1.v201212120623"
         unpack="false"/>

   <plugin
         id="org.eclipse.datatools.sqltools.result"
         download-size="0"
         install-size="0"
         version="1.1.6.v201402080246"
         unpack="false"/>

   <plugin
         id="org.eclipse.datatools.connectivity"
         download-size="0"
         install-size="0"
         version="1.2.11.v201401230755"
         unpack="false"/>

</feature>
