<?xml version="1.0" encoding="UTF-8"?>
<feature
      id="org.eclipse.datatools.sqldevtools.feature"
      label="%featureName"
      version="1.12.0.v201406061321-7N8P7IFDri6qjCyg6Q61VhVsihvO"
      provider-name="%providerName"
      plugin="org.eclipse.datatools.sqltools.common.ui"
      image="eclipse_update_120.jpg">

   <description>
      %description
   </description>

   <copyright>
      %featureCopyright
   </copyright>

   <license url="%licenseURL">
      %license
   </license>

   <url>
      <update label="%updateSiteName" url="http://download.eclipse.org/datatools/updates/1.12"/>
      <discovery label="%updateSiteName" url="http://download.eclipse.org/datatools/updates/1.12"/>
   </url>

   <includes
         id="org.eclipse.datatools.sqldevtools.results.feature"
         version="1.12.0.v201406061321-427H9oB58F6A8I5KGJ"/>

   <includes
         id="org.eclipse.datatools.sqldevtools.ddlgen.feature"
         version="1.12.0.v201406061321-7A-7DF7RZHQUMdThK5_t"/>

   <includes
         id="org.eclipse.datatools.sqldevtools.ddl.feature"
         version="1.12.0.v201406061321-27B-78B08EG8S_IRVNeUiL6au"
         optional="true"/>

   <includes
         id="org.eclipse.datatools.sqldevtools.data.feature"
         version="1.12.0.v201406061321-647ABgJ9EKDJDNAdHO"
         optional="true"/>

   <includes
         id="org.eclipse.datatools.sqldevtools.parsers.feature"
         version="1.12.0.v201406061321-623BgJ9EE9ZJRDZLA"
         optional="true"/>

   <includes
         id="org.eclipse.datatools.sqldevtools.sqlbuilder.feature"
         version="1.12.0.v201406061321-79-7FEVVFNSI_QiI-Sd"
         optional="true"/>

   <includes
         id="org.eclipse.datatools.sqldevtools.schemaobjecteditor.feature"
         version="1.12.0.v201406061321-4218375LG5BJ93413"
         optional="true"/>

   <requires>
      <import feature="org.eclipse.gef" version="3.4.0" match="greaterOrEqual"/>
      <import feature="org.eclipse.datatools.modelbase.feature" version="1.12.0" match="greaterOrEqual"/>
      <import feature="org.eclipse.datatools.connectivity.feature" version="1.12.0" match="greaterOrEqual"/>
      <import feature="org.eclipse.datatools.doc.user" version="1.7.0" match="greaterOrEqual"/>
      <import feature="org.eclipse.datatools.enablement.jdbc.feature" version="1.12.0" match="greaterOrEqual"/>
   </requires>

   <plugin
         id="org.eclipse.datatools.sqltools.common.ui"
         download-size="0"
         install-size="0"
         version="1.0.1.v201212120623"
         unpack="false"/>

   <plugin
         id="org.eclipse.datatools.sqltools.debugger.core"
         download-size="0"
         install-size="0"
         version="1.0.1.v201107221520"
         unpack="false"/>

   <plugin
         id="org.eclipse.datatools.sqltools.editor.core"
         download-size="0"
         install-size="0"
         version="1.0.3.v201212120623"
         unpack="false"/>

   <plugin
         id="org.eclipse.datatools.sqltools.plan"
         download-size="0"
         install-size="0"
         version="1.0.0.v201107221520"
         unpack="false"/>

   <plugin
         id="org.eclipse.datatools.sqltools.routineeditor"
         download-size="0"
         install-size="0"
         version="1.0.0.v201107221520"
         unpack="false"/>

   <plugin
         id="org.eclipse.datatools.sqltools.sql"
         download-size="0"
         install-size="0"
         version="1.0.1.v201110050515"
         unpack="false"/>

   <plugin
         id="org.eclipse.datatools.sqltools.sqleditor"
         download-size="0"
         install-size="0"
         version="1.0.4.v201212120623"
         unpack="false"/>

   <plugin
         id="org.eclipse.datatools.sqltools.sqlscrapbook"
         download-size="0"
         install-size="0"
         version="1.0.2.v201205310922"
         unpack="false"/>

   <plugin
         id="org.eclipse.datatools.help"
         download-size="0"
         install-size="0"
         version="1.5.0.v200906020553"
         unpack="false"/>

   <plugin
         id="org.eclipse.datatools.sqltools.db.generic"
         download-size="0"
         install-size="0"
         version="1.0.0.v201107221520"
         unpack="false"/>

   <plugin
         id="org.eclipse.datatools.sqltools.debugger.core.ui"
         download-size="0"
         install-size="0"
         version="1.0.0.v201003161000"
         unpack="false"/>

   <plugin
         id="org.eclipse.datatools.sqltools.editor.core.ui"
         download-size="0"
         install-size="0"
         version="1.0.0.v201001150815"
         unpack="false"/>

   <plugin
         id="org.eclipse.datatools.sqltools.result.ui"
         download-size="0"
         install-size="0"
         version="1.1.3.v201302061703"
         unpack="false"/>

   <plugin
         id="org.eclipse.datatools.sqltools.routineeditor.ui"
         download-size="0"
         install-size="0"
         version="1.0.3.v201211200616"
         unpack="false"/>

   <plugin
         id="org.eclipse.datatools.sqltools.sql.ui"
         download-size="0"
         install-size="0"
         version="1.0.1.v201201270735"
         unpack="false"/>

</feature>
