<?xml version='1.0' encoding='UTF-8'?>
<?artifactRepository version='1.1.0'?>
<repository name='eclipse-json-editor' type='org.eclipse.equinox.p2.artifact.repository.simpleRepository' version='1'>
  <properties size='2'>
    <property name='p2.timestamp' value='1375211104660'/>
    <property name='publishPackFilesAsSiblings' value='true'/>
  </properties>
  <mappings size='5'>
    <rule filter='(&amp; (classifier=osgi.bundle) (format=packed))' output='${repoUrl}/plugins/${id}_${version}.jar.pack.gz'/>
    <rule filter='(&amp; (classifier=osgi.bundle))' output='${repoUrl}/plugins/${id}_${version}.jar'/>
    <rule filter='(&amp; (classifier=binary))' output='${repoUrl}/binary/${id}_${version}'/>
    <rule filter='(&amp; (classifier=org.eclipse.update.feature) (format=packed))' output='${repoUrl}/features/${id}_${version}.jar.pack.gz'/>
    <rule filter='(&amp; (classifier=org.eclipse.update.feature))' output='${repoUrl}/features/${id}_${version}.jar'/>
  </mappings>
  <artifacts size='11'>
    <artifact classifier='osgi.bundle' id='jsonedit-reader' version='0.9.7'>
      <properties size='5'>
        <property name='artifact.size' value='6675'/>
        <property name='download.size' value='6675'/>
        <property name='maven-groupId' value='com.boothen'/>
        <property name='maven-artifactId' value='jsonedit-reader'/>
        <property name='maven-version' value='0.9.7'/>
      </properties>
    </artifact>
    <artifact classifier='osgi.bundle' id='jsonedit-outline' version='0.9.7'>
      <properties size='5'>
        <property name='artifact.size' value='16793'/>
        <property name='download.size' value='16793'/>
        <property name='maven-groupId' value='com.boothen'/>
        <property name='maven-artifactId' value='jsonedit-outline'/>
        <property name='maven-version' value='0.9.7'/>
      </properties>
    </artifact>
    <artifact classifier='osgi.bundle' id='jsonedit-core' version='0.9.7'>
      <properties size='5'>
        <property name='artifact.size' value='20668'/>
        <property name='download.size' value='20668'/>
        <property name='maven-groupId' value='com.boothen'/>
        <property name='maven-artifactId' value='jsonedit-core'/>
        <property name='maven-version' value='0.9.7'/>
      </properties>
    </artifact>
    <artifact classifier='osgi.bundle' id='jsonedit-text' version='0.9.7'>
      <properties size='5'>
        <property name='artifact.size' value='9956'/>
        <property name='download.size' value='9956'/>
        <property name='maven-groupId' value='com.boothen'/>
        <property name='maven-artifactId' value='jsonedit-text'/>
        <property name='maven-version' value='0.9.7'/>
      </properties>
    </artifact>
    <artifact classifier='osgi.bundle' id='jsonedit-validation' version='0.9.7'>
      <properties size='5'>
        <property name='artifact.size' value='11479'/>
        <property name='download.size' value='11479'/>
        <property name='maven-groupId' value='com.boothen'/>
        <property name='maven-artifactId' value='jsonedit-validation'/>
        <property name='maven-version' value='0.9.7'/>
      </properties>
    </artifact>
    <artifact classifier='osgi.bundle' id='jsonedit-validator' version='0.9.7'>
      <properties size='5'>
        <property name='artifact.size' value='6746'/>
        <property name='download.size' value='6746'/>
        <property name='maven-groupId' value='com.boothen'/>
        <property name='maven-artifactId' value='jsonedit-validator'/>
        <property name='maven-version' value='0.9.7'/>
      </properties>
    </artifact>
    <artifact classifier='osgi.bundle' id='jsonedit-preferences' version='0.9.7'>
      <properties size='5'>
        <property name='artifact.size' value='8843'/>
        <property name='download.size' value='8843'/>
        <property name='maven-groupId' value='com.boothen'/>
        <property name='maven-artifactId' value='jsonedit-preferences'/>
        <property name='maven-version' value='0.9.7'/>
      </properties>
    </artifact>
    <artifact classifier='osgi.bundle' id='jsonedit-log' version='0.9.7'>
      <properties size='5'>
        <property name='artifact.size' value='3055'/>
        <property name='download.size' value='3055'/>
        <property name='maven-groupId' value='com.boothen'/>
        <property name='maven-artifactId' value='jsonedit-log'/>
        <property name='maven-version' value='0.9.7'/>
      </properties>
    </artifact>
    <artifact classifier='osgi.bundle' id='jsonedit-folding' version='0.9.7'>
      <properties size='5'>
        <property name='artifact.size' value='3685'/>
        <property name='download.size' value='3685'/>
        <property name='maven-groupId' value='com.boothen'/>
        <property name='maven-artifactId' value='jsonedit-folding'/>
        <property name='maven-version' value='0.9.7'/>
      </properties>
    </artifact>
    <artifact classifier='org.eclipse.update.feature' id='jsonedit-feature' version='0.9.7'>
      <properties size='6'>
        <property name='artifact.size' value='5759'/>
        <property name='download.size' value='5759'/>
        <property name='maven-groupId' value='com.boothen'/>
        <property name='maven-artifactId' value='jsonedit-feature'/>
        <property name='maven-version' value='0.9.7'/>
        <property name='download.contentType' value='application/zip'/>
      </properties>
    </artifact>
    <artifact classifier='osgi.bundle' id='jsonedit-model' version='0.9.7'>
      <properties size='5'>
        <property name='artifact.size' value='36708'/>
        <property name='download.size' value='36708'/>
        <property name='maven-groupId' value='com.boothen'/>
        <property name='maven-artifactId' value='jsonedit-model'/>
        <property name='maven-version' value='0.9.7'/>
      </properties>
    </artifact>
  </artifacts>
</repository>
