<?xml version='1.0' encoding='UTF-8'?>
<?metadataRepository version='1.1.0'?>
<repository name='eclipse-json-editor' type='org.eclipse.equinox.internal.p2.metadata.repository.LocalMetadataRepository' version='1'>
  <properties size='1'>
    <property name='p2.timestamp' value='1375211104756'/>
  </properties>
  <units size='13'>
    <unit id='jsonedit-validator' version='0.9.7' singleton='false'>
      <update id='jsonedit-validator' range='[0.0.0,0.9.7)' severity='0'/>
      <properties size='5'>
        <property name='org.eclipse.equinox.p2.name' value='JSON Editor Validator'/>
        <property name='org.eclipse.equinox.p2.provider' value='Boothen Technology'/>
        <property name='maven-groupId' value='com.boothen'/>
        <property name='maven-artifactId' value='jsonedit-validator'/>
        <property name='maven-version' value='0.9.7'/>
      </properties>
      <provides size='4'>
        <provided namespace='org.eclipse.equinox.p2.iu' name='jsonedit-validator' version='0.9.7'/>
        <provided namespace='osgi.bundle' name='jsonedit-validator' version='0.9.7'/>
        <provided namespace='java.package' name='com.boothen.jsonedit.validator' version='0.0.0'/>
        <provided namespace='org.eclipse.equinox.p2.eclipse.type' name='bundle' version='1.0.0'/>
      </provides>
      <requires size='5'>
        <required namespace='osgi.bundle' name='jsonedit-reader' range='0.0.0'/>
        <required namespace='osgi.bundle' name='org.eclipse.core.resources' range='0.0.0'/>
        <required namespace='osgi.bundle' name='org.eclipse.core.runtime' range='0.0.0'/>
        <required namespace='osgi.bundle' name='org.slf4j.api' range='0.0.0'/>
        <required namespace='osgi.bundle' name='ch.qos.logback.classic' range='0.0.0'/>
      </requires>
      <artifacts size='1'>
        <artifact classifier='osgi.bundle' id='jsonedit-validator' version='0.9.7'/>
      </artifacts>
      <touchpoint id='org.eclipse.equinox.p2.osgi' version='1.0.0'/>
      <touchpointData size='1'>
        <instructions size='1'>
          <instruction key='manifest'>
            Bundle-SymbolicName: jsonedit-validator&#xA;Bundle-Version: 0.9.7
          </instruction>
        </instructions>
      </touchpointData>
    </unit>
    <unit id='jsonedit-reader' version='0.9.7' singleton='false'>
      <update id='jsonedit-reader' range='[0.0.0,0.9.7)' severity='0'/>
      <properties size='5'>
        <property name='org.eclipse.equinox.p2.name' value='JSON Editor Reader'/>
        <property name='org.eclipse.equinox.p2.provider' value='Boothen Technology'/>
        <property name='maven-groupId' value='com.boothen'/>
        <property name='maven-artifactId' value='jsonedit-reader'/>
        <property name='maven-version' value='0.9.7'/>
      </properties>
      <provides size='5'>
        <provided namespace='org.eclipse.equinox.p2.iu' name='jsonedit-reader' version='0.9.7'/>
        <provided namespace='osgi.bundle' name='jsonedit-reader' version='0.9.7'/>
        <provided namespace='java.package' name='com.boothen.jsonedit.core.util' version='0.0.0'/>
        <provided namespace='java.package' name='com.boothen.jsonedit.core.util.reader' version='0.0.0'/>
        <provided namespace='org.eclipse.equinox.p2.eclipse.type' name='bundle' version='1.0.0'/>
      </provides>
      <requires size='3'>
        <required namespace='osgi.bundle' name='org.eclipse.jface.text' range='0.0.0'/>
        <required namespace='osgi.bundle' name='org.eclipse.core.runtime' range='0.0.0'/>
        <required namespace='osgi.bundle' name='org.eclipse.core.resources' range='0.0.0'/>
      </requires>
      <artifacts size='1'>
        <artifact classifier='osgi.bundle' id='jsonedit-reader' version='0.9.7'/>
      </artifacts>
      <touchpoint id='org.eclipse.equinox.p2.osgi' version='1.0.0'/>
      <touchpointData size='1'>
        <instructions size='1'>
          <instruction key='manifest'>
            Bundle-SymbolicName: jsonedit-reader&#xA;Bundle-Version: 0.9.7
          </instruction>
        </instructions>
      </touchpointData>
    </unit>
    <unit id='jsonedit-feature.feature.group' version='0.9.7' singleton='false'>
      <update id='jsonedit-feature.feature.group' range='[0.0.0,0.9.7)' severity='0'/>
      <properties size='7'>
        <property name='org.eclipse.equinox.p2.name' value='JSON Editor Plugin'/>
        <property name='org.eclipse.equinox.p2.description' value='An Eclipse JSON Editor'/>
        <property name='org.eclipse.equinox.p2.provider' value='Boothen Technology'/>
        <property name='org.eclipse.equinox.p2.type.group' value='true'/>
        <property name='maven-groupId' value='com.boothen'/>
        <property name='maven-artifactId' value='jsonedit-feature'/>
        <property name='maven-version' value='0.9.7'/>
      </properties>
      <provides size='1'>
        <provided namespace='org.eclipse.equinox.p2.iu' name='jsonedit-feature.feature.group' version='0.9.7'/>
      </provides>
      <requires size='11'>
        <required namespace='org.eclipse.equinox.p2.iu' name='jsonedit-core' range='[0.9.7,0.9.7]'/>
        <required namespace='org.eclipse.equinox.p2.iu' name='jsonedit-folding' range='[0.9.7,0.9.7]'/>
        <required namespace='org.eclipse.equinox.p2.iu' name='jsonedit-log' range='[0.9.7,0.9.7]'/>
        <required namespace='org.eclipse.equinox.p2.iu' name='jsonedit-model' range='[0.9.7,0.9.7]'/>
        <required namespace='org.eclipse.equinox.p2.iu' name='jsonedit-outline' range='[0.9.7,0.9.7]'/>
        <required namespace='org.eclipse.equinox.p2.iu' name='jsonedit-preferences' range='[0.9.7,0.9.7]'/>
        <required namespace='org.eclipse.equinox.p2.iu' name='jsonedit-reader' range='[0.9.7,0.9.7]'/>
        <required namespace='org.eclipse.equinox.p2.iu' name='jsonedit-text' range='[0.9.7,0.9.7]'/>
        <required namespace='org.eclipse.equinox.p2.iu' name='jsonedit-validation' range='[0.9.7,0.9.7]'/>
        <required namespace='org.eclipse.equinox.p2.iu' name='jsonedit-validator' range='[0.9.7,0.9.7]'/>
        <required namespace='org.eclipse.equinox.p2.iu' name='jsonedit-feature.feature.jar' range='[0.9.7,0.9.7]'>
          <filter>
            (org.eclipse.update.install.features=true)
          </filter>
        </required>
      </requires>
      <touchpoint id='null' version='0.0.0'/>
      <licenses size='1'>
        <license uri='http://www.eclipse.org/org/documents/epl-v10.html' url='http://www.eclipse.org/org/documents/epl-v10.html'>
          Eclipse Public License - v 1.0&#xA;&#xA;THE ACCOMPANYING PROGRAM IS PROVIDED UNDER THE TERMS OF THIS ECLIPSE PUBLIC LICENSE (&quot;AGREEMENT&quot;). ANY USE, REPRODUCTION OR DISTRIBUTION OF THE PROGRAM CONSTITUTES RECIPIENT&apos;S ACCEPTANCE OF THIS AGREEMENT.&#xA;&#xA;1. DEFINITIONS&#xA;&#xA;&quot;Contribution&quot; means:&#xA;&#xA;a) in the case of the initial Contributor, the initial code and documentation distributed under this Agreement, and&#xA;b) in the case of each subsequent Contributor:&#xA;i) changes to the Program, and&#xA;ii) additions to the Program;&#xA;where such changes and/or additions to the Program originate from and are distributed by that particular Contributor. A Contribution &apos;originates&apos; from a Contributor if it was added to the Program by such Contributor itself or anyone acting on such Contributor&apos;s behalf. Contributions do not include additions to the Program which: (i) are separate modules of software distributed in conjunction with the Program under their own license agreement, and (ii) are not derivative works of the Program.&#xA;&quot;Contributor&quot; means any person or entity that distributes the Program.&#xA;&#xA;&quot;Licensed Patents&quot; mean patent claims licensable by a Contributor which are necessarily infringed by the use or sale of its Contribution alone or when combined with the Program.&#xA;&#xA;&quot;Program&quot; means the Contributions distributed in accordance with this Agreement.&#xA;&#xA;&quot;Recipient&quot; means anyone who receives the Program under this Agreement, including all Contributors.&#xA;&#xA;2. GRANT OF RIGHTS&#xA;&#xA;a) Subject to the terms of this Agreement, each Contributor hereby grants Recipient a non-exclusive, worldwide, royalty-free copyright license to reproduce, prepare derivative works of, publicly display, publicly perform, distribute and sublicense the Contribution of such Contributor, if any, and such derivative works, in source code and object code form.&#xA;b) Subject to the terms of this Agreement, each Contributor hereby grants Recipient a non-exclusive, worldwide, royalty-free patent license under Licensed Patents to make, use, sell, offer to sell, import and otherwise transfer the Contribution of such Contributor, if any, in source code and object code form. This patent license shall apply to the combination of the Contribution and the Program if, at the time the Contribution is added by the Contributor, such addition of the Contribution causes such combination to be covered by the Licensed Patents. The patent license shall not apply to any other combinations which include the Contribution. No hardware per se is licensed hereunder.&#xA;c) Recipient understands that although each Contributor grants the licenses to its Contributions set forth herein, no assurances are provided by any Contributor that the Program does not infringe the patent or other intellectual property rights of any other entity. Each Contributor disclaims any liability to Recipient for claims brought by any other entity based on infringement of intellectual property rights or otherwise. As a condition to exercising the rights and licenses granted hereunder, each Recipient hereby assumes sole responsibility to secure any other intellectual property rights needed, if any. For example, if a third party patent license is required to allow Recipient to distribute the Program, it is Recipient&apos;s responsibility to acquire that license before distributing the Program.&#xA;d) Each Contributor represents that to its knowledge it has sufficient copyright rights in its Contribution, if any, to grant the copyright license set forth in this Agreement.&#xA;3. REQUIREMENTS&#xA;&#xA;A Contributor may choose to distribute the Program in object code form under its own license agreement, provided that:&#xA;&#xA;a) it complies with the terms and conditions of this Agreement; and&#xA;b) its license agreement:&#xA;i) effectively disclaims on behalf of all Contributors all warranties and conditions, express and implied, including warranties or conditions of title and non-infringement, and implied warranties or conditions of merchantability and fitness for a particular purpose;&#xA;ii) effectively excludes on behalf of all Contributors all liability for damages, including direct, indirect, special, incidental and consequential damages, such as lost profits;&#xA;iii) states that any provisions which differ from this Agreement are offered by that Contributor alone and not by any other party; and&#xA;iv) states that source code for the Program is available from such Contributor, and informs licensees how to obtain it in a reasonable manner on or through a medium customarily used for software exchange.&#xA;When the Program is made available in source code form:&#xA;&#xA;a) it must be made available under this Agreement; and&#xA;b) a copy of this Agreement must be included with each copy of the Program.&#xA;Contributors may not remove or alter any copyright notices contained within the Program.&#xA;&#xA;Each Contributor must identify itself as the originator of its Contribution, if any, in a manner that reasonably allows subsequent Recipients to identify the originator of the Contribution.&#xA;&#xA;4. COMMERCIAL DISTRIBUTION&#xA;&#xA;Commercial distributors of software may accept certain responsibilities with respect to end users, business partners and the like. While this license is intended to facilitate the commercial use of the Program, the Contributor who includes the Program in a commercial product offering should do so in a manner which does not create potential liability for other Contributors. Therefore, if a Contributor includes the Program in a commercial product offering, such Contributor (&quot;Commercial Contributor&quot;) hereby agrees to defend and indemnify every other Contributor (&quot;Indemnified Contributor&quot;) against any losses, damages and costs (collectively &quot;Losses&quot;) arising from claims, lawsuits and other legal actions brought by a third party against the Indemnified Contributor to the extent caused by the acts or omissions of such Commercial Contributor in connection with its distribution of the Program in a commercial product offering. The obligations in this section do not apply to any claims or Losses relating to any actual or alleged intellectual property infringement. In order to qualify, an Indemnified Contributor must: a) promptly notify the Commercial Contributor in writing of such claim, and b) allow the Commercial Contributor to control, and cooperate with the Commercial Contributor in, the defense and any related settlement negotiations. The Indemnified Contributor may participate in any such claim at its own expense.&#xA;&#xA;For example, a Contributor might include the Program in a commercial product offering, Product X. That Contributor is then a Commercial Contributor. If that Commercial Contributor then makes performance claims, or offers warranties related to Product X, those performance claims and warranties are such Commercial Contributor&apos;s responsibility alone. Under this section, the Commercial Contributor would have to defend claims against the other Contributors related to those performance claims and warranties, and if a court requires any other Contributor to pay any damages as a result, the Commercial Contributor must pay those damages.&#xA;&#xA;5. NO WARRANTY&#xA;&#xA;EXCEPT AS EXPRESSLY SET FORTH IN THIS AGREEMENT, THE PROGRAM IS PROVIDED ON AN &quot;AS IS&quot; BASIS, WITHOUT WARRANTIES OR CONDITIONS OF ANY KIND, EITHER EXPRESS OR IMPLIED INCLUDING, WITHOUT LIMITATION, ANY WARRANTIES OR CONDITIONS OF TITLE, NON-INFRINGEMENT, MERCHANTABILITY OR FITNESS FOR A PARTICULAR PURPOSE. Each Recipient is solely responsible for determining the appropriateness of using and distributing the Program and assumes all risks associated with its exercise of rights under this Agreement , including but not limited to the risks and costs of program errors, compliance with applicable laws, damage to or loss of data, programs or equipment, and unavailability or interruption of operations.&#xA;&#xA;6. DISCLAIMER OF LIABILITY&#xA;&#xA;EXCEPT AS EXPRESSLY SET FORTH IN THIS AGREEMENT, NEITHER RECIPIENT NOR ANY CONTRIBUTORS SHALL HAVE ANY LIABILITY FOR ANY DIRECT, INDIRECT, INCIDENTAL, SPECIAL, EXEMPLARY, OR CONSEQUENTIAL DAMAGES (INCLUDING WITHOUT LIMITATION LOST PROFITS), HOWEVER CAUSED AND ON ANY THEORY OF LIABILITY, WHETHER IN CONTRACT, STRICT LIABILITY, OR TORT (INCLUDING NEGLIGENCE OR OTHERWISE) ARISING IN ANY WAY OUT OF THE USE OR DISTRIBUTION OF THE PROGRAM OR THE EXERCISE OF ANY RIGHTS GRANTED HEREUNDER, EVEN IF ADVISED OF THE POSSIBILITY OF SUCH DAMAGES.&#xA;&#xA;7. GENERAL&#xA;&#xA;If any provision of this Agreement is invalid or unenforceable under applicable law, it shall not affect the validity or enforceability of the remainder of the terms of this Agreement, and without further action by the parties hereto, such provision shall be reformed to the minimum extent necessary to make such provision valid and enforceable.&#xA;&#xA;If Recipient institutes patent litigation against any entity (including a cross-claim or counterclaim in a lawsuit) alleging that the Program itself (excluding combinations of the Program with other software or hardware) infringes such Recipient&apos;s patent(s), then such Recipient&apos;s rights granted under Section 2(b) shall terminate as of the date such litigation is filed.&#xA;&#xA;All Recipient&apos;s rights under this Agreement shall terminate if it fails
        </license>
      </licenses>
    </unit>
    <unit id='jsonedit-validation' version='0.9.7' singleton='false'>
      <update id='jsonedit-validation' range='[0.0.0,0.9.7)' severity='0'/>
      <properties size='5'>
        <property name='org.eclipse.equinox.p2.name' value='JSON Editor Validation'/>
        <property name='org.eclipse.equinox.p2.provider' value='Boothen Technology'/>
        <property name='maven-groupId' value='com.boothen'/>
        <property name='maven-artifactId' value='jsonedit-validation'/>
        <property name='maven-version' value='0.9.7'/>
      </properties>
      <provides size='5'>
        <provided namespace='org.eclipse.equinox.p2.iu' name='jsonedit-validation' version='0.9.7'/>
        <provided namespace='osgi.bundle' name='jsonedit-validation' version='0.9.7'/>
        <provided namespace='java.package' name='com.boothen.jsonedit.validation' version='0.0.0'/>
        <provided namespace='java.package' name='com.boothen.jsonedit.validation.nature' version='0.0.0'/>
        <provided namespace='org.eclipse.equinox.p2.eclipse.type' name='bundle' version='1.0.0'/>
      </provides>
      <requires size='4'>
        <required namespace='osgi.bundle' name='org.eclipse.core.resources' range='0.0.0'/>
        <required namespace='osgi.bundle' name='org.eclipse.core.runtime' range='0.0.0'/>
        <required namespace='osgi.bundle' name='jsonedit-validator' range='0.0.0'/>
        <required namespace='osgi.bundle' name='jsonedit-log' range='0.0.0'/>
      </requires>
      <artifacts size='1'>
        <artifact classifier='osgi.bundle' id='jsonedit-validation' version='0.9.7'/>
      </artifacts>
      <touchpoint id='org.eclipse.equinox.p2.osgi' version='1.0.0'/>
      <touchpointData size='1'>
        <instructions size='1'>
          <instruction key='manifest'>
            Bundle-SymbolicName: jsonedit-validation&#xA;Bundle-Version: 0.9.7
          </instruction>
        </instructions>
      </touchpointData>
    </unit>
    <unit id='jsonedit-log' version='0.9.7' singleton='false'>
      <update id='jsonedit-log' range='[0.0.0,0.9.7)' severity='0'/>
      <properties size='5'>
        <property name='org.eclipse.equinox.p2.name' value='JSON Editor Log'/>
        <property name='org.eclipse.equinox.p2.provider' value='Boothen Technology'/>
        <property name='maven-groupId' value='com.boothen'/>
        <property name='maven-artifactId' value='jsonedit-log'/>
        <property name='maven-version' value='0.9.7'/>
      </properties>
      <provides size='4'>
        <provided namespace='org.eclipse.equinox.p2.iu' name='jsonedit-log' version='0.9.7'/>
        <provided namespace='osgi.bundle' name='jsonedit-log' version='0.9.7'/>
        <provided namespace='java.package' name='com.boothen.jsonedit.log' version='0.0.0'/>
        <provided namespace='org.eclipse.equinox.p2.eclipse.type' name='bundle' version='1.0.0'/>
      </provides>
      <requires size='2'>
        <required namespace='osgi.bundle' name='org.eclipse.core.resources' range='0.0.0'/>
        <required namespace='osgi.bundle' name='org.eclipse.core.runtime' range='0.0.0'/>
      </requires>
      <artifacts size='1'>
        <artifact classifier='osgi.bundle' id='jsonedit-log' version='0.9.7'/>
      </artifacts>
      <touchpoint id='org.eclipse.equinox.p2.osgi' version='1.0.0'/>
      <touchpointData size='1'>
        <instructions size='1'>
          <instruction key='manifest'>
            Bundle-SymbolicName: jsonedit-log&#xA;Bundle-Version: 0.9.7
          </instruction>
        </instructions>
      </touchpointData>
    </unit>
    <unit id='jsonedit-feature.feature.jar' version='0.9.7'>
      <properties size='7'>
        <property name='org.eclipse.equinox.p2.name' value='JSON Editor Plugin'/>
        <property name='org.eclipse.equinox.p2.description' value='An Eclipse JSON Editor'/>
        <property name='org.eclipse.equinox.p2.provider' value='Boothen Technology'/>
        <property name='org.eclipse.update.feature.plugin' value='jsonedit-core'/>
        <property name='maven-groupId' value='com.boothen'/>
        <property name='maven-artifactId' value='jsonedit-feature'/>
        <property name='maven-version' value='0.9.7'/>
      </properties>
      <provides size='3'>
        <provided namespace='org.eclipse.equinox.p2.iu' name='jsonedit-feature.feature.jar' version='0.9.7'/>
        <provided namespace='org.eclipse.equinox.p2.eclipse.type' name='feature' version='1.0.0'/>
        <provided namespace='org.eclipse.update.feature' name='jsonedit-feature' version='0.9.7'/>
      </provides>
      <filter>
        (org.eclipse.update.install.features=true)
      </filter>
      <artifacts size='1'>
        <artifact classifier='org.eclipse.update.feature' id='jsonedit-feature' version='0.9.7'/>
      </artifacts>
      <touchpoint id='org.eclipse.equinox.p2.osgi' version='1.0.0'/>
      <touchpointData size='1'>
        <instructions size='1'>
          <instruction key='zipped'>
            true
          </instruction>
        </instructions>
      </touchpointData>
      <licenses size='1'>
        <license uri='http://www.eclipse.org/org/documents/epl-v10.html' url='http://www.eclipse.org/org/documents/epl-v10.html'>
          Eclipse Public License - v 1.0&#xA;&#xA;THE ACCOMPANYING PROGRAM IS PROVIDED UNDER THE TERMS OF THIS ECLIPSE PUBLIC LICENSE (&quot;AGREEMENT&quot;). ANY USE, REPRODUCTION OR DISTRIBUTION OF THE PROGRAM CONSTITUTES RECIPIENT&apos;S ACCEPTANCE OF THIS AGREEMENT.&#xA;&#xA;1. DEFINITIONS&#xA;&#xA;&quot;Contribution&quot; means:&#xA;&#xA;a) in the case of the initial Contributor, the initial code and documentation distributed under this Agreement, and&#xA;b) in the case of each subsequent Contributor:&#xA;i) changes to the Program, and&#xA;ii) additions to the Program;&#xA;where such changes and/or additions to the Program originate from and are distributed by that particular Contributor. A Contribution &apos;originates&apos; from a Contributor if it was added to the Program by such Contributor itself or anyone acting on such Contributor&apos;s behalf. Contributions do not include additions to the Program which: (i) are separate modules of software distributed in conjunction with the Program under their own license agreement, and (ii) are not derivative works of the Program.&#xA;&quot;Contributor&quot; means any person or entity that distributes the Program.&#xA;&#xA;&quot;Licensed Patents&quot; mean patent claims licensable by a Contributor which are necessarily infringed by the use or sale of its Contribution alone or when combined with the Program.&#xA;&#xA;&quot;Program&quot; means the Contributions distributed in accordance with this Agreement.&#xA;&#xA;&quot;Recipient&quot; means anyone who receives the Program under this Agreement, including all Contributors.&#xA;&#xA;2. GRANT OF RIGHTS&#xA;&#xA;a) Subject to the terms of this Agreement, each Contributor hereby grants Recipient a non-exclusive, worldwide, royalty-free copyright license to reproduce, prepare derivative works of, publicly display, publicly perform, distribute and sublicense the Contribution of such Contributor, if any, and such derivative works, in source code and object code form.&#xA;b) Subject to the terms of this Agreement, each Contributor hereby grants Recipient a non-exclusive, worldwide, royalty-free patent license under Licensed Patents to make, use, sell, offer to sell, import and otherwise transfer the Contribution of such Contributor, if any, in source code and object code form. This patent license shall apply to the combination of the Contribution and the Program if, at the time the Contribution is added by the Contributor, such addition of the Contribution causes such combination to be covered by the Licensed Patents. The patent license shall not apply to any other combinations which include the Contribution. No hardware per se is licensed hereunder.&#xA;c) Recipient understands that although each Contributor grants the licenses to its Contributions set forth herein, no assurances are provided by any Contributor that the Program does not infringe the patent or other intellectual property rights of any other entity. Each Contributor disclaims any liability to Recipient for claims brought by any other entity based on infringement of intellectual property rights or otherwise. As a condition to exercising the rights and licenses granted hereunder, each Recipient hereby assumes sole responsibility to secure any other intellectual property rights needed, if any. For example, if a third party patent license is required to allow Recipient to distribute the Program, it is Recipient&apos;s responsibility to acquire that license before distributing the Program.&#xA;d) Each Contributor represents that to its knowledge it has sufficient copyright rights in its Contribution, if any, to grant the copyright license set forth in this Agreement.&#xA;3. REQUIREMENTS&#xA;&#xA;A Contributor may choose to distribute the Program in object code form under its own license agreement, provided that:&#xA;&#xA;a) it complies with the terms and conditions of this Agreement; and&#xA;b) its license agreement:&#xA;i) effectively disclaims on behalf of all Contributors all warranties and conditions, express and implied, including warranties or conditions of title and non-infringement, and implied warranties or conditions of merchantability and fitness for a particular purpose;&#xA;ii) effectively excludes on behalf of all Contributors all liability for damages, including direct, indirect, special, incidental and consequential damages, such as lost profits;&#xA;iii) states that any provisions which differ from this Agreement are offered by that Contributor alone and not by any other party; and&#xA;iv) states that source code for the Program is available from such Contributor, and informs licensees how to obtain it in a reasonable manner on or through a medium customarily used for software exchange.&#xA;When the Program is made available in source code form:&#xA;&#xA;a) it must be made available under this Agreement; and&#xA;b) a copy of this Agreement must be included with each copy of the Program.&#xA;Contributors may not remove or alter any copyright notices contained within the Program.&#xA;&#xA;Each Contributor must identify itself as the originator of its Contribution, if any, in a manner that reasonably allows subsequent Recipients to identify the originator of the Contribution.&#xA;&#xA;4. COMMERCIAL DISTRIBUTION&#xA;&#xA;Commercial distributors of software may accept certain responsibilities with respect to end users, business partners and the like. While this license is intended to facilitate the commercial use of the Program, the Contributor who includes the Program in a commercial product offering should do so in a manner which does not create potential liability for other Contributors. Therefore, if a Contributor includes the Program in a commercial product offering, such Contributor (&quot;Commercial Contributor&quot;) hereby agrees to defend and indemnify every other Contributor (&quot;Indemnified Contributor&quot;) against any losses, damages and costs (collectively &quot;Losses&quot;) arising from claims, lawsuits and other legal actions brought by a third party against the Indemnified Contributor to the extent caused by the acts or omissions of such Commercial Contributor in connection with its distribution of the Program in a commercial product offering. The obligations in this section do not apply to any claims or Losses relating to any actual or alleged intellectual property infringement. In order to qualify, an Indemnified Contributor must: a) promptly notify the Commercial Contributor in writing of such claim, and b) allow the Commercial Contributor to control, and cooperate with the Commercial Contributor in, the defense and any related settlement negotiations. The Indemnified Contributor may participate in any such claim at its own expense.&#xA;&#xA;For example, a Contributor might include the Program in a commercial product offering, Product X. That Contributor is then a Commercial Contributor. If that Commercial Contributor then makes performance claims, or offers warranties related to Product X, those performance claims and warranties are such Commercial Contributor&apos;s responsibility alone. Under this section, the Commercial Contributor would have to defend claims against the other Contributors related to those performance claims and warranties, and if a court requires any other Contributor to pay any damages as a result, the Commercial Contributor must pay those damages.&#xA;&#xA;5. NO WARRANTY&#xA;&#xA;EXCEPT AS EXPRESSLY SET FORTH IN THIS AGREEMENT, THE PROGRAM IS PROVIDED ON AN &quot;AS IS&quot; BASIS, WITHOUT WARRANTIES OR CONDITIONS OF ANY KIND, EITHER EXPRESS OR IMPLIED INCLUDING, WITHOUT LIMITATION, ANY WARRANTIES OR CONDITIONS OF TITLE, NON-INFRINGEMENT, MERCHANTABILITY OR FITNESS FOR A PARTICULAR PURPOSE. Each Recipient is solely responsible for determining the appropriateness of using and distributing the Program and assumes all risks associated with its exercise of rights under this Agreement , including but not limited to the risks and costs of program errors, compliance with applicable laws, damage to or loss of data, programs or equipment, and unavailability or interruption of operations.&#xA;&#xA;6. DISCLAIMER OF LIABILITY&#xA;&#xA;EXCEPT AS EXPRESSLY SET FORTH IN THIS AGREEMENT, NEITHER RECIPIENT NOR ANY CONTRIBUTORS SHALL HAVE ANY LIABILITY FOR ANY DIRECT, INDIRECT, INCIDENTAL, SPECIAL, EXEMPLARY, OR CONSEQUENTIAL DAMAGES (INCLUDING WITHOUT LIMITATION LOST PROFITS), HOWEVER CAUSED AND ON ANY THEORY OF LIABILITY, WHETHER IN CONTRACT, STRICT LIABILITY, OR TORT (INCLUDING NEGLIGENCE OR OTHERWISE) ARISING IN ANY WAY OUT OF THE USE OR DISTRIBUTION OF THE PROGRAM OR THE EXERCISE OF ANY RIGHTS GRANTED HEREUNDER, EVEN IF ADVISED OF THE POSSIBILITY OF SUCH DAMAGES.&#xA;&#xA;7. GENERAL&#xA;&#xA;If any provision of this Agreement is invalid or unenforceable under applicable law, it shall not affect the validity or enforceability of the remainder of the terms of this Agreement, and without further action by the parties hereto, such provision shall be reformed to the minimum extent necessary to make such provision valid and enforceable.&#xA;&#xA;If Recipient institutes patent litigation against any entity (including a cross-claim or counterclaim in a lawsuit) alleging that the Program itself (excluding combinations of the Program with other software or hardware) infringes such Recipient&apos;s patent(s), then such Recipient&apos;s rights granted under Section 2(b) shall terminate as of the date such litigation is filed.&#xA;&#xA;All Recipient&apos;s rights under this Agreement shall terminate if it fails
        </license>
      </licenses>
    </unit>
    <unit id='jsonedit-text' version='0.9.7' singleton='false'>
      <update id='jsonedit-text' range='[0.0.0,0.9.7)' severity='0'/>
      <properties size='5'>
        <property name='org.eclipse.equinox.p2.name' value='JSON Editor Text'/>
        <property name='org.eclipse.equinox.p2.provider' value='Boothen Technology'/>
        <property name='maven-groupId' value='com.boothen'/>
        <property name='maven-artifactId' value='jsonedit-text'/>
        <property name='maven-version' value='0.9.7'/>
      </properties>
      <provides size='5'>
        <provided namespace='org.eclipse.equinox.p2.iu' name='jsonedit-text' version='0.9.7'/>
        <provided namespace='osgi.bundle' name='jsonedit-text' version='0.9.7'/>
        <provided namespace='java.package' name='com.boothen.jsonedit.text' version='0.0.0'/>
        <provided namespace='java.package' name='com.boothen.jsonedit.text.detector' version='0.0.0'/>
        <provided namespace='org.eclipse.equinox.p2.eclipse.type' name='bundle' version='1.0.0'/>
      </provides>
      <requires size='6'>
        <required namespace='osgi.bundle' name='org.eclipse.core.resources' range='0.0.0'/>
        <required namespace='osgi.bundle' name='org.eclipse.core.runtime' range='0.0.0'/>
        <required namespace='osgi.bundle' name='org.eclipse.jface.text' range='0.0.0'/>
        <required namespace='osgi.bundle' name='org.eclipse.ui' range='0.0.0'/>
        <required namespace='osgi.bundle' name='jsonedit-preferences' range='0.0.0'/>
        <required namespace='osgi.bundle' name='jsonedit-reader' range='0.0.0'/>
      </requires>
      <artifacts size='1'>
        <artifact classifier='osgi.bundle' id='jsonedit-text' version='0.9.7'/>
      </artifacts>
      <touchpoint id='org.eclipse.equinox.p2.osgi' version='1.0.0'/>
      <touchpointData size='1'>
        <instructions size='1'>
          <instruction key='manifest'>
            Bundle-SymbolicName: jsonedit-text&#xA;Bundle-Version: 0.9.7
          </instruction>
        </instructions>
      </touchpointData>
    </unit>
    <unit id='jsonedit-core' version='0.9.7'>
      <update id='jsonedit-core' range='[0.0.0,0.9.7)' severity='0'/>
      <properties size='5'>
        <property name='org.eclipse.equinox.p2.name' value='JSON Editor Plugin'/>
        <property name='org.eclipse.equinox.p2.provider' value='Boothen Technology'/>
        <property name='maven-groupId' value='com.boothen'/>
        <property name='maven-artifactId' value='jsonedit-core'/>
        <property name='maven-version' value='0.9.7'/>
      </properties>
      <provides size='3'>
        <provided namespace='org.eclipse.equinox.p2.iu' name='jsonedit-core' version='0.9.7'/>
        <provided namespace='osgi.bundle' name='jsonedit-core' version='0.9.7'/>
        <provided namespace='org.eclipse.equinox.p2.eclipse.type' name='bundle' version='1.0.0'/>
      </provides>
      <requires size='16'>
        <required namespace='osgi.bundle' name='org.eclipse.ui' range='0.0.0'/>
        <required namespace='osgi.bundle' name='org.eclipse.core.runtime' range='0.0.0'/>
        <required namespace='osgi.bundle' name='org.eclipse.jface.text' range='0.0.0'/>
        <required namespace='osgi.bundle' name='org.eclipse.core.resources' range='0.0.0'/>
        <required namespace='osgi.bundle' name='org.eclipse.ui.editors' range='0.0.0'/>
        <required namespace='osgi.bundle' name='org.eclipse.ui.ide' range='0.0.0'/>
        <required namespace='osgi.bundle' name='org.eclipse.ui.views' range='0.0.0'/>
        <required namespace='osgi.bundle' name='jsonedit-model' range='0.0.0'/>
        <required namespace='osgi.bundle' name='jsonedit-reader' range='0.0.0'/>
        <required namespace='osgi.bundle' name='jsonedit-outline' range='0.0.0'/>
        <required namespace='osgi.bundle' name='jsonedit-validator' range='0.0.0'/>
        <required namespace='osgi.bundle' name='jsonedit-validation' range='0.0.0'/>
        <required namespace='osgi.bundle' name='jsonedit-folding' range='0.0.0'/>
        <required namespace='osgi.bundle' name='jsonedit-preferences' range='0.0.0'/>
        <required namespace='osgi.bundle' name='jsonedit-text' range='0.0.0'/>
        <required namespace='osgi.bundle' name='jsonedit-log' range='0.0.0'/>
      </requires>
      <artifacts size='1'>
        <artifact classifier='osgi.bundle' id='jsonedit-core' version='0.9.7'/>
      </artifacts>
      <touchpoint id='org.eclipse.equinox.p2.osgi' version='1.0.0'/>
      <touchpointData size='1'>
        <instructions size='1'>
          <instruction key='manifest'>
            Bundle-SymbolicName: jsonedit-core;singleton:=true&#xA;Bundle-Version: 0.9.7
          </instruction>
        </instructions>
      </touchpointData>
    </unit>
    <unit id='Editors' version='1.0.0.07G7Cdebh'>
      <properties size='3'>
        <property name='org.eclipse.equinox.p2.name' value='Editors'/>
        <property name='org.eclipse.equinox.p2.description' value='Editors Category'/>
        <property name='org.eclipse.equinox.p2.type.category' value='true'/>
      </properties>
      <provides size='1'>
        <provided namespace='org.eclipse.equinox.p2.iu' name='Editors' version='1.0.0.07G7Cdebh'/>
      </provides>
      <requires size='1'>
        <required namespace='org.eclipse.equinox.p2.iu' name='jsonedit-feature.feature.group' range='[0.9.7,0.9.7]'/>
      </requires>
      <touchpoint id='null' version='0.0.0'/>
    </unit>
    <unit id='jsonedit-outline' version='0.9.7' singleton='false'>
      <update id='jsonedit-outline' range='[0.0.0,0.9.7)' severity='0'/>
      <properties size='5'>
        <property name='org.eclipse.equinox.p2.name' value='JSON Editor Outline View'/>
        <property name='org.eclipse.equinox.p2.provider' value='Boothen Technology'/>
        <property name='maven-groupId' value='com.boothen'/>
        <property name='maven-artifactId' value='jsonedit-outline'/>
        <property name='maven-version' value='0.9.7'/>
      </properties>
      <provides size='4'>
        <provided namespace='org.eclipse.equinox.p2.iu' name='jsonedit-outline' version='0.9.7'/>
        <provided namespace='osgi.bundle' name='jsonedit-outline' version='0.9.7'/>
        <provided namespace='java.package' name='com.boothen.jsonedit.outline' version='0.0.0'/>
        <provided namespace='org.eclipse.equinox.p2.eclipse.type' name='bundle' version='1.0.0'/>
      </provides>
      <requires size='6'>
        <required namespace='osgi.bundle' name='org.eclipse.jface.text' range='0.0.0'/>
        <required namespace='osgi.bundle' name='org.eclipse.ui' range='0.0.0'/>
        <required namespace='osgi.bundle' name='org.eclipse.ui.views' range='0.0.0'/>
        <required namespace='osgi.bundle' name='org.eclipse.ui.editors' range='0.0.0'/>
        <required namespace='osgi.bundle' name='org.eclipse.core.runtime' range='0.0.0'/>
        <required namespace='osgi.bundle' name='jsonedit-model' range='0.0.0'/>
      </requires>
      <artifacts size='1'>
        <artifact classifier='osgi.bundle' id='jsonedit-outline' version='0.9.7'/>
      </artifacts>
      <touchpoint id='org.eclipse.equinox.p2.osgi' version='1.0.0'/>
      <touchpointData size='1'>
        <instructions size='1'>
          <instruction key='manifest'>
            Bundle-SymbolicName: jsonedit-outline&#xA;Bundle-Version: 0.9.7
          </instruction>
        </instructions>
      </touchpointData>
    </unit>
    <unit id='jsonedit-model' version='0.9.7' singleton='false'>
      <update id='jsonedit-model' range='[0.0.0,0.9.7)' severity='0'/>
      <properties size='5'>
        <property name='org.eclipse.equinox.p2.name' value='JSON Editor Model Generator'/>
        <property name='org.eclipse.equinox.p2.provider' value='Boothen Technology'/>
        <property name='maven-groupId' value='com.boothen'/>
        <property name='maven-artifactId' value='jsonedit-model'/>
        <property name='maven-version' value='0.9.7'/>
      </properties>
      <provides size='7'>
        <provided namespace='org.eclipse.equinox.p2.iu' name='jsonedit-model' version='0.9.7'/>
        <provided namespace='osgi.bundle' name='jsonedit-model' version='0.9.7'/>
        <provided namespace='java.package' name='com.boothen.jsonedit.core.model.jsonnode' version='0.0.0'/>
        <provided namespace='java.package' name='com.boothen.jsonedit.core.model.node' version='0.0.0'/>
        <provided namespace='java.package' name='com.boothen.jsonedit.model' version='0.0.0'/>
        <provided namespace='java.package' name='com.boothen.jsonedit.model.single' version='0.0.0'/>
        <provided namespace='org.eclipse.equinox.p2.eclipse.type' name='bundle' version='1.0.0'/>
      </provides>
      <requires size='4'>
        <required namespace='osgi.bundle' name='org.eclipse.jface.text' range='0.0.0'/>
        <required namespace='osgi.bundle' name='jsonedit-reader' range='0.0.0'/>
        <required namespace='osgi.bundle' name='org.slf4j.api' range='0.0.0'/>
        <required namespace='osgi.bundle' name='ch.qos.logback.classic' range='0.0.0'/>
      </requires>
      <artifacts size='1'>
        <artifact classifier='osgi.bundle' id='jsonedit-model' version='0.9.7'/>
      </artifacts>
      <touchpoint id='org.eclipse.equinox.p2.osgi' version='1.0.0'/>
      <touchpointData size='1'>
        <instructions size='1'>
          <instruction key='manifest'>
            Bundle-SymbolicName: jsonedit-model&#xA;Bundle-Version: 0.9.7
          </instruction>
        </instructions>
      </touchpointData>
    </unit>
    <unit id='jsonedit-folding' version='0.9.7' singleton='false'>
      <update id='jsonedit-folding' range='[0.0.0,0.9.7)' severity='0'/>
      <properties size='5'>
        <property name='org.eclipse.equinox.p2.name' value='JSON Editor Folding'/>
        <property name='org.eclipse.equinox.p2.provider' value='Boothen Technology'/>
        <property name='maven-groupId' value='com.boothen'/>
        <property name='maven-artifactId' value='jsonedit-folding'/>
        <property name='maven-version' value='0.9.7'/>
      </properties>
      <provides size='4'>
        <provided namespace='org.eclipse.equinox.p2.iu' name='jsonedit-folding' version='0.9.7'/>
        <provided namespace='osgi.bundle' name='jsonedit-folding' version='0.9.7'/>
        <provided namespace='java.package' name='com.boothen.jsonedit.folding' version='0.0.0'/>
        <provided namespace='org.eclipse.equinox.p2.eclipse.type' name='bundle' version='1.0.0'/>
      </provides>
      <requires size='2'>
        <required namespace='osgi.bundle' name='org.eclipse.jface.text' range='0.0.0'/>
        <required namespace='osgi.bundle' name='jsonedit-model' range='0.0.0'/>
      </requires>
      <artifacts size='1'>
        <artifact classifier='osgi.bundle' id='jsonedit-folding' version='0.9.7'/>
      </artifacts>
      <touchpoint id='org.eclipse.equinox.p2.osgi' version='1.0.0'/>
      <touchpointData size='1'>
        <instructions size='1'>
          <instruction key='manifest'>
            Bundle-SymbolicName: jsonedit-folding&#xA;Bundle-Version: 0.9.7
          </instruction>
        </instructions>
      </touchpointData>
    </unit>
    <unit id='jsonedit-preferences' version='0.9.7' singleton='false'>
      <update id='jsonedit-preferences' range='[0.0.0,0.9.7)' severity='0'/>
      <properties size='5'>
        <property name='org.eclipse.equinox.p2.name' value='JSON Editor Preferences'/>
        <property name='org.eclipse.equinox.p2.provider' value='Boothen Technology'/>
        <property name='maven-groupId' value='com.boothen'/>
        <property name='maven-artifactId' value='jsonedit-preferences'/>
        <property name='maven-version' value='0.9.7'/>
      </properties>
      <provides size='5'>
        <provided namespace='org.eclipse.equinox.p2.iu' name='jsonedit-preferences' version='0.9.7'/>
        <provided namespace='osgi.bundle' name='jsonedit-preferences' version='0.9.7'/>
        <provided namespace='java.package' name='com.boothen.jsonedit.preferences' version='0.0.0'/>
        <provided namespace='java.package' name='com.boothen.jsonedit.coloring' version='0.0.0'/>
        <provided namespace='org.eclipse.equinox.p2.eclipse.type' name='bundle' version='1.0.0'/>
      </provides>
      <requires size='5'>
        <required namespace='osgi.bundle' name='org.eclipse.core.resources' range='0.0.0'/>
        <required namespace='osgi.bundle' name='org.eclipse.core.runtime' range='0.0.0'/>
        <required namespace='osgi.bundle' name='org.eclipse.ui' range='0.0.0'/>
        <required namespace='osgi.bundle' name='org.eclipse.ui.editors' range='0.0.0'/>
        <required namespace='osgi.bundle' name='jsonedit-validation' range='0.0.0'/>
      </requires>
      <artifacts size='1'>
        <artifact classifier='osgi.bundle' id='jsonedit-preferences' version='0.9.7'/>
      </artifacts>
      <touchpoint id='org.eclipse.equinox.p2.osgi' version='1.0.0'/>
      <touchpointData size='1'>
        <instructions size='1'>
          <instruction key='manifest'>
            Bundle-SymbolicName: jsonedit-preferences&#xA;Bundle-Version: 0.9.7
          </instruction>
        </instructions>
      </touchpointData>
    </unit>
  </units>
</repository>
