<?xml version="1.0" encoding="UTF-8"?>
<feature
      id="org.eclipse.datatools.enablement.hsqldb.feature"
      label="%featureName"
      version="1.12.0.v201406061321-67G0AqGDM7KfNWJjJS8GDI"
      provider-name="%providerName"
      plugin="org.eclipse.datatools.enablement.finfo"
      image="eclipse_update_120.jpg">

   <description>
      %description
   </description>

   <copyright>
      %featureCopyright
   </copyright>

   <license url="%licenseURL">
      %license
   </license>

   <url>
      <update label="%updateSiteName" url="http://download.eclipse.org/datatools/updates/1.12"/>
      <discovery label="%updateSiteName" url="http://download.eclipse.org/datatools/updates/1.12"/>
   </url>

   <includes
         id="org.eclipse.datatools.enablement.jdbc.feature"
         version="1.12.0.v201406061321-4-49oB58B7DAF7FCH"/>

   <requires>
      <import feature="org.eclipse.datatools.modelbase.feature" version="1.12.0" match="greaterOrEqual"/>
      <import feature="org.eclipse.datatools.connectivity.feature" version="1.12.0" match="greaterOrEqual"/>
   </requires>

   <plugin
         id="org.eclipse.datatools.enablement.hsqldb"
         download-size="0"
         install-size="0"
         version="1.0.0.v201107221502"
         unpack="false"/>

   <plugin
         id="org.eclipse.datatools.enablement.hsqldb.dbdefinition"
         download-size="0"
         install-size="0"
         version="1.0.0.v201107221502"
         unpack="false"/>

   <plugin
         id="org.eclipse.datatools.enablement.hsqldb.ui"
         download-size="0"
         install-size="0"
         version="1.0.0.v201108120600"
         unpack="false"/>

   <plugin
         id="org.eclipse.datatools.enablement.finfo"
         download-size="0"
         install-size="0"
         version="1.5.1.v200906161800"
         unpack="false"/>

</feature>
