<?xml version="1.0" encoding="UTF-8"?>
<feature
      id="org.eclipse.datatools.sqldevtools.parsers.feature"
      label="%featureName"
      version="1.12.0.v201406061321-623BgJ9EE9ZJRDZLA"
      provider-name="%providerName"
      plugin="org.eclipse.datatools.sqltools.parsers.sql"
      image="eclipse_update_120.jpg">

   <description>
      %description
   </description>

   <copyright>
      %featureCopyright
   </copyright>

   <license url="%licenseURL">
      %license
   </license>

   <url>
      <update label="%updateSiteName" url="http://download.eclipse.org/datatools/updates/1.12"/>
      <discovery label="%updateSiteName" url="http://download.eclipse.org/datatools/updates/1.12"/>
   </url>

   <requires>
      <import feature="org.eclipse.datatools.modelbase.feature" version="1.12.0" match="greaterOrEqual"/>
   </requires>

   <plugin
         id="net.sourceforge.lpg.lpgjavaruntime"
         download-size="0"
         install-size="0"
         version="1.1.0.v201004271650"
         unpack="false"/>

   <plugin
         id="org.eclipse.datatools.sqltools.parsers.sql.lexer"
         download-size="0"
         install-size="0"
         version="1.0.1.v201107221520"
         unpack="false"/>

   <plugin
         id="org.eclipse.datatools.sqltools.parsers.sql.query"
         download-size="0"
         install-size="0"
         version="1.2.1.v201201250511"
         unpack="false"/>

   <plugin
         id="org.eclipse.datatools.sqltools.parsers.sql.xml.query"
         download-size="0"
         install-size="0"
         version="1.0.0.v201107221520"
         unpack="false"/>

   <plugin
         id="org.eclipse.datatools.sqltools.parsers.sql"
         download-size="0"
         install-size="0"
         version="1.0.2.v201107221520"
         unpack="false"/>

</feature>
