<?xml version="1.0" encoding="UTF-8"?>
<feature
      id="org.eclipse.datatools.sqldevtools.data.feature"
      label="%featureName"
      version="1.12.0.v201406061321-647ABgJ9EKDJDNAdHO"
      provider-name="%providerName"
      image="eclipse_update_120.jpg">

   <description>
      %description
   </description>

   <copyright>
      %featureCopyright
   </copyright>

   <license url="%licenseURL">
      %license
   </license>

   <url>
      <update label="%updateSiteName" url="http://download.eclipse.org/datatools/updates/1.12"/>
      <discovery label="%updateSiteName" url="http://download.eclipse.org/datatools/updates/1.12"/>
   </url>

   <requires>
      <import feature="org.eclipse.datatools.modelbase.feature" version="1.12.0" match="greaterOrEqual"/>
      <import feature="org.eclipse.datatools.connectivity.feature" version="1.12.0" match="greaterOrEqual"/>
      <import feature="org.eclipse.datatools.sqldevtools.ddl.feature" version="1.12.0" match="greaterOrEqual"/>
   </requires>

   <plugin
         id="org.eclipse.datatools.sqltools.data.core"
         download-size="0"
         install-size="0"
         version="1.2.3.v201212120623"
         unpack="false"/>

   <plugin
         id="org.eclipse.datatools.sqltools.data.ui"
         download-size="0"
         install-size="0"
         version="1.2.2.v201212120623"
         unpack="false"/>

   <plugin
         id="org.eclipse.datatools.sqltools.tabledataeditor"
         download-size="0"
         install-size="0"
         version="1.0.2.v201212120623"
         unpack="false"/>

   <plugin
         id="org.eclipse.datatools.sqltools.result.ui"
         download-size="0"
         install-size="0"
         version="1.1.3.v201302061703"
         unpack="false"/>

   <plugin
         id="org.eclipse.datatools.sqltools.common.ui"
         download-size="0"
         install-size="0"
         version="1.0.1.v201212120623"
         unpack="false"/>

</feature>
