<feature id="com.ibm.cftools.feature" label="%featureName" plugin="com.ibm.cftools.branding" provider-name="%providerName" version="1.0.8.v20160111_1631">

   <description>
      %description
   </description>

   <copyright>
      %copyright
   </copyright>

   <license url="%licenseURL">
      %license
   </license>

   <requires>
      <import feature="org.eclipse.cft.server.core.feature" match="greaterOrEqual" version="0.9.0.201510092315-CI-B138"/>
      <import feature="org.eclipse.cft.server.ui.feature" match="greaterOrEqual" version="0.9.0.201510092315-CI-B138"/>
   </requires>

   <plugin download-size="0" id="com.ibm.cftools.branding" install-size="0" unpack="false" version="1.0.8.v20160111_1631"/>

   <plugin download-size="0" id="com.ibm.cftools.branding.ui" install-size="0" unpack="false" version="1.0.4.v20160111_1631"/>

   <plugin download-size="0" id="com.ibm.cftools.nodejs.core" install-size="0" unpack="false" version="1.1.3.v20160111_1631"/>

   <plugin download-size="0" id="com.ibm.cftools.nodejs.ui" install-size="0" unpack="false" version="1.0.102.v20160111_1631"/>

   <plugin download-size="0" id="com.ibm.cftools.jee.core" install-size="0" unpack="false" version="1.0.1.v20160111_1631"/>

   <plugin download-size="0" id="com.ibm.cftools.jee.ui" install-size="0" unpack="false" version="1.0.2.v20160111_1631"/>

   <plugin download-size="0" id="com.ibm.cftools.packageserver.core" install-size="0" unpack="false" version="1.0.150.v20160111_1631"/>

   <plugin download-size="0" id="com.ibm.cftools.packageserver.ui" install-size="0" unpack="false" version="1.0.200.v20160111_1631"/>

   <plugin download-size="0" id="com.ibm.cftools.common.core" install-size="0" unpack="false" version="1.0.3.v20160111_1631"/>

   <plugin download-size="0" id="com.ibm.cftools.common.jee.core" install-size="0" unpack="false" version="1.0.0.v20150801_1001"/>

   <plugin download-size="0" id="com.ibm.cftools.javaclient" install-size="0" version="1.0.1.v20160111_1631"/>

   <plugin download-size="0" id="com.ibm.cftools.welcome.doc" install-size="0" unpack="false" version="1.0.1.v20160111_1631"/>

   <plugin download-size="0" id="com.ibm.ws.cftools.common.core" install-size="0" unpack="false" version="1.0.0.v20160111_1631"/>

</feature>